humidity_probe,humidity_sensor
66.1,61.83
72.815,65.33
78.14,68.83
82.545,68.63
85.2,66.85782609
86.27,65.08565217
85.78,63.31347826
85.81,61.54130435
86.8,59.76913043
87.795,57.99695652
52.78,36.73086957
41.025,34.95869565
40.865,33.18652174
42.465,31.41434783
38.525,29.64217391
36.98,27.87
37.305,28.83
38.63,30.63
47.43,36.37
58.475,49.77
66.04,54.27
69.495,54.63
69.765,58.47
72.215,62.07
74.48,62.3
77.465,65.83
72.23,63.7
72.51,63.9
72.59,64
65.82,59.6
66.64,60.3
69.35,64.23
