sensor,moisture
0,0
38.16413008,16.70767177
10.830429,16.45715375
14.89105634,18.77995622
16.73394679,17.47284379
18.6620866,28.32361489
9.145500589,10.79916741
8.467266755,11.42991037
10.99716671,10.04608294
50.25574806,29.63580151
34.97480129,55.93785243
58.9135722,56.96636192
61.78697691,72.76970385
95.17087481,80.18093806
93.03211895,100
100,82.30149131
